Negeri,Daerah,Bandar,Lat,Lon,Sample_Population,ISO,HASC_1,HASC_2
Kedah,Baling,Baling,5.6831,100.9106,2395,MY-02,MY.KH,MY.KH.BA
Kedah,Baling,Baling,5.8149,100.8916,6412,MY-02,MY.KH,MY.KH.BA
Kedah,Baling,Baling,5.7138,100.8009,7569,MY-02,MY.KH,MY.KH.BA
Kedah,Baling,Baling,5.7073,100.9602,2004,MY-02,MY.KH,MY.KH.BA
Kedah,Baling,Baling,5.6875,100.9262,7823,MY-02,MY.KH,MY.KH.BA
Kedah,Baling,Baling,5.6914,100.8494,5401,MY-02,MY.KH,MY.KH.BA
Kedah,Bandar Baharu,Serdang,5.2144,100.6151,5710,MY-02,MY.KH,MY.KH.BB
Kedah,Bandar Baharu,Serdang,5.1964,100.5844,3547,MY-02,MY.KH,MY.KH.BB
Kedah,Bandar Baharu,Serdang,5.2035,100.6273,5036,MY-02,MY.KH,MY.KH.BB
Kedah,Bandar Baharu,Serdang,5.2455,100.6017,6572,MY-02,MY.KH,MY.KH.BB
Kedah,Bandar Baharu,Serdang,5.2251,100.595,3340,MY-02,MY.KH,MY.KH.BB
Kedah,Bandar Baharu,Serdang,5.2648,100.6143,4828,MY-02,MY.KH,MY.KH.BB
Kedah,Kuala Muda,Sungai Petani,5.6552,100.5292,7595,MY-02,MY.KH,MY.KH.KM
Kedah,Kuala Muda,Sungai Petani,5.647,100.4862,3041,MY-02,MY.KH,MY.KH.KM
Kedah,Kuala Muda,Sungai Petani,5.6432,100.5699,4013,MY-02,MY.KH,MY.KH.KM
Kedah,Kuala Muda,Sungai Petani,5.6519,100.549,7397,MY-02,MY.KH,MY.KH.KM
Kedah,Kuala Muda,Sungai Petani,5.6852,100.5695,6954,MY-02,MY.KH,MY.KH.KM
Kedah,Kuala Muda,Sungai Petani,5.6695,100.4926,5930,MY-02,MY.KH,MY.KH.KM
Kedah,Kubang Pasu,Jitra,6.2413,100.4322,3607,MY-02,MY.KH,MY.KH.KP
Kedah,Kubang Pasu,Jitra,6.2793,100.4203,6054,MY-02,MY.KH,MY.KH.KP
Kedah,Kubang Pasu,Jitra,6.273,100.4583,5282,MY-02,MY.KH,MY.KH.KP
Kedah,Kubang Pasu,Jitra,6.3288,100.478,1553,MY-02,MY.KH,MY.KH.KP
Kedah,Kubang Pasu,Jitra,6.2683,100.4248,7607,MY-02,MY.KH,MY.KH.KP
Kedah,Kubang Pasu,Jitra,6.2757,100.422,8364,MY-02,MY.KH,MY.KH.KP
Kedah,Kubang Pasu,Jitra,6.3288,100.478,8008,MY-02,MY.KH,MY.KH.KP
Kedah,Kubang Pasu,Sintok,6.4576,100.503,3041,MY-02,MY.KH,MY.KH.KP
Kedah,Kubang Pasu,Sintok,6.446,100.486,4013,MY-02,MY.KH,MY.KH.KP
Kedah,Kubang Pasu,Sintok,6.44,100.531,7397,MY-02,MY.KH,MY.KH.KP
Kedah,Kubang Pasu,Sintok,6.442,100.479,6954,MY-02,MY.KH,MY.KH.KP
Kedah,Kubang Pasu,Sintok,6.425,100.498,5930,MY-02,MY.KH,MY.KH.KP
Kedah ,Kubang Pasu,Sintok,6.467,100.538,3607,MY-02,MY.KH,MY.KH.KP
Kedah,Kubang Pasu,Bukit Kayu Hitam,6.5,100.411,6054,MY-02,MY.KH,MY.KH.KP
Kedah,Kubang Pasu,Bukit Kayu Hitam,6.516,100.4352,5282,MY-02,MY.KH,MY.KH.KP
Kedah,Kubang Pasu,Bukit Kayu Hitam,6.5,100.228,1553,MY-02,MY.KH,MY.KH.KP
Kedah,Kubang Pasu,Bukit Kayu Hitam,6.515,100.3938,7607,MY-02,MY.KH,MY.KH.KP
Kedah,Kubang Pasu,Bukit Kayu Hitam,6.495,100.3983,5930,MY-02,MY.KH,MY.KH.KP
Kedah,Kubang Pasu,Bukit Kayu Hitam,6.513,100.445,3607,MY-02,MY.KH,MY.KH.KP
Kedah,Kulim,Kulim,5.3411,100.5649,4607,MY-02,MY.KH,MY.KH.KU
Kedah,Kulim,Kulim,5.4165,100.5797,3015,MY-02,MY.KH,MY.KH.KU
Kedah,Kulim,Kulim,5.309,100.5663,6021,MY-02,MY.KH,MY.KH.KU
Kedah,Kulim,Kulim,5.3926,100.5367,4686,MY-02,MY.KH,MY.KH.KU
Kedah,Kulim,Kulim,5.3683,100.5576,5952,MY-02,MY.KH,MY.KH.KU
Kedah,Kulim,Kulim,5.3846,100.5461,2248,MY-02,MY.KH,MY.KH.KU
Kedah,Kota Setar,Alor Setar,6.124,100.3684,4091,MY-02,MY.KH,MY.KH.KT
Kedah,Kota Setar,Alor Setar,6.1281,100.3433,1970,MY-02,MY.KH,MY.KH.KT
Kedah,Kota Setar,Alor Setar,6.1609,100.3634,8017,MY-02,MY.KH,MY.KH.KT
Kedah,Kota Setar,Alor Setar,6.1205,100.3684,6423,MY-02,MY.KH,MY.KH.KT
Kedah,Kota Setar,Alor Setar,6.1512,100.3475,5825,MY-02,MY.KH,MY.KH.KT
Kedah,Kota Setar,Alor Setar,6.1085,100.3547,1539,MY-02,MY.KH,MY.KH.KT
Kedah,Langkawi,Langkawi,6.346,99.7904,4418,MY-02,MY.KH,MY.KH.LA
Kedah,Langkawi,Langkawi,6.3311,99.8313,3611,MY-02,MY.KH,MY.KH.LA
Kedah,Langkawi,Langkawi,6.285,99.7472,4755,MY-02,MY.KH,MY.KH.LA
Kedah,Langkawi,Langkawi,6.3918,99.7166,3150,MY-02,MY.KH,MY.KH.LA
Kedah,Langkawi,Langkawi,6.3406,99.7838,7659,MY-02,MY.KH,MY.KH.LA
Kedah,Langkawi,Langkawi,6.3613,99.7897,5424,MY-02,MY.KH,MY.KH.LA
Kedah,Padang Terap,Kuala Nerang,6.2465,100.57771,8501,MY-02,MY.KH,MY.KH.PT
Kedah,Padang Terap,Kuala Nerang,6.2692,100.6245,1375,MY-02,MY.KH,MY.KH.PT
Kedah,Padang Terap,Kuala Nerang,6.1984,100.7522,6368,MY-02,MY.KH,MY.KH.PT
Kedah,Padang Terap,Kuala Nerang,6.2803,100.5442,7770,MY-02,MY.KH,MY.KH.PT
Kedah,Padang Terap,Kuala Nerang,6.201,100.718,6267,MY-02,MY.KH,MY.KH.PT
Kedah,Padang Terap,Kuala Nerang,6.2296,100.6219,4817,MY-02,MY.KH,MY.KH.PT
Kedah,Pendang,Pendang,5.9717,100.5149,6388,MY-02,MY.KH,MY.KH.PE
Kedah,Pendang,Pendang,6.0218,100.481,8413,MY-02,MY.KH,MY.KH.PE
Kedah,Pendang,Pendang,5.9588,100.4771,2085,MY-02,MY.KH,MY.KH.PE
Kedah,Pendang,Pendang,5.9962,100.6077,8808,MY-02,MY.KH,MY.KH.PE
Kedah,Pendang,Pendang,6.0255,100.5213,7529,MY-02,MY.KH,MY.KH.PE
Kedah,Pendang,Pendang,6.0326,100.5413,1831,MY-02,MY.KH,MY.KH.PE
Kedah,Pokok Sena,Pokok Sena,6.103,100.6163,8456,MY-02,MY.KH,MY.KH.PS
Kedah,Pokok Sena,Pokok Sena,6.2139,100.5109,2514,MY-02,MY.KH,MY.KH.PS
Kedah,Pokok Sena,Pokok Sena,6.1091,100.7172,7329,MY-02,MY.KH,MY.KH.PS
Kedah,Pokok Sena,Pokok Sena,6.0494,100.6156,1106,MY-02,MY.KH,MY.KH.PS
Kedah,Pokok Sena,Pokok Sena,6.1585,100.5013,8560,MY-02,MY.KH,MY.KH.PS
Kedah,Pokok Sena,Pokok Sena,6.1176,100.6276,4184,MY-02,MY.KH,MY.KH.PS
Kedah,Sik,Sik,5.9903,100.8149,6203,MY-02,MY.KH,MY.KH.SI
Kedah,Sik,Sik,6.0098,100.7514,5570,MY-02,MY.KH,MY.KH.SI
Kedah,Sik,Sik,5.9835,100.6944,2057,MY-02,MY.KH,MY.KH.SI
Kedah,Sik,Sik,5.7513,100.726,6497,MY-02,MY.KH,MY.KH.SI
Kedah,Sik,Sik,5.8261,100.7296,6688,MY-02,MY.KH,MY.KH.SI
Kedah,Sik,Sik,6.0347,100.7271,1564,MY-02,MY.KH,MY.KH.SI
Kedah,Yan,Yan,5.7855,100.3724,8790,MY-02,MY.KH,MY.KH.YA
Kedah,Yan,Yan,5.8398,100.3849,4816,MY-02,MY.KH,MY.KH.YA
Kedah,Yan,Yan,5.8398,100.4161,7598,MY-02,MY.KH,MY.KH.YA
Kedah,Yan,Yan,5.8744,100.4222,2749,MY-02,MY.KH,MY.KH.YA
Kedah,Yan,Yan,5.8544,100.4091,7651,MY-02,MY.KH,MY.KH.YA
Kedah,Yan,Yan,5.821,100.3878,6042,MY-02,MY.KH,MY.KH.YA
Perlis,Arau,Arau,6.433,100.2604,6012,MY-09,MY.PL,MY.PL.PE
Perlis,Arau,Arau,6.4256,100.2893,6047,MY-09,MY.PL,MY.PL.PE
Perlis,Arau,Arau,6.3906,100.2511,1373,MY-09,MY.PL,MY.PL.PE
Perlis,Arau,Arau,6.4399,100.3308,5292,MY-09,MY.PL,MY.PL.PE
Perlis,Arau,Arau,6.4345,100.3142,1672,MY-09,MY.PL,MY.PL.PE
Perlis,Arau,Arau,6.4311,100.2531,6322,MY-09,MY.PL,MY.PL.PE
Perlis,Kangar,Kangar,6.4396,100.1926,3491,MY-09,MY.PL,MY.PL.PE
Perlis,Kangar,Kangar,6.4497,100.1981,7437,MY-09,MY.PL,MY.PL.PE
Perlis,Kangar,Kangar,6.4465,100.203,1002,MY-09,MY.PL,MY.PL.PE
Perlis,Kangar,Kangar,6.462,100.1685,3068,MY-09,MY.PL,MY.PL.PE
Perlis,Kangar,Kangar,6.5106,100.2535,4418,MY-09,MY.PL,MY.PL.PE
Perlis,Kangar,Kangar,6.4416,100.1922,1712,MY-09,MY.PL,MY.PL.PE
Perlis,Padang Besar,Padang Besar,6.6605,100.3115,7416,MY-09,MY.PL,MY.PL.PE
Perlis,Padang Besar,Padang Besar,6.6999,100.2097,5619,MY-09,MY.PL,MY.PL.PE
Perlis,Padang Besar,Padang Besar,6.6551,100.2802,4482,MY-09,MY.PL,MY.PL.PE
Perlis,Padang Besar,Padang Besar,6.6624,100.2852,5515,MY-09,MY.PL,MY.PL.PE
Perlis,Padang Besar,Padang Besar,6.6325,100.2721,3828,MY-09,MY.PL,MY.PL.PE
Perlis,Padang Besar,Padang Besar,6.6543,100.2545,1310,MY-09,MY.PL,MY.PL.PE
Perlis,Kuala Perlis,Kuala Perlis,6.3968,100.1296,3506,MY-09,MY.PL,MY.PL.PE
Perlis,Kuala Perlis,Kuala Perlis,6.4056,100.1464,5663,MY-09,MY.PL,MY.PL.PE
Perlis,Kuala Perlis,Kuala Perlis,6.4151,100.1492,1385,MY-09,MY.PL,MY.PL.PE
Perlis,Kuala Perlis,Kuala Perlis,6.3919,100.1603,2739,MY-09,MY.PL,MY.PL.PE
Perlis,Kuala Perlis,Kuala Perlis,6.3865,100.1469,8276,MY-09,MY.PL,MY.PL.PE
Perlis,Kuala Perlis,Kuala Perlis,6.4072,100.1491,7760,MY-09,MY.PL,MY.PL.PE
Perak,Batang Padang,Tapah,4.1963,101.2591,3536,MY-08,MY.PK,MY.PK.BP
Perak,Batang Padang,Tapah,4.1898,101.2617,8435,MY-08,MY.PK,MY.PK.BP
Perak,Batang Padang,Tapah,4.2088,101.2566,4026,MY-08,MY.PK,MY.PK.BP
Perak,Batang Padang,Tapah,4.1887,101.2652,2966,MY-08,MY.PK,MY.PK.BP
Perak,Batang Padang,Tapah,4.2124,101.2381,6267,MY-08,MY.PK,MY.PK.BP
Perak,Batang Padang,Tapah,4.2141,101.2914,1192,MY-08,MY.PK,MY.PK.BP
Perak,Hilir Perak,Teluk Intan,4.0183,101.0063,6439,MY-08,MY.PK,MY.PK.HI
Perak,Hilir Perak,Teluk Intan,4.0486,101.0312,7002,MY-08,MY.PK,MY.PK.HI
Perak,Hilir Perak,Teluk Intan,3.9979,101.015,5532,MY-08,MY.PK,MY.PK.HI
Perak,Hilir Perak,Teluk Intan,4.003,101.0362,6762,MY-08,MY.PK,MY.PK.HI
Perak,Hilir Perak,Teluk Intan,4.0796,100.9675,8453,MY-08,MY.PK,MY.PK.HI
Perak,Hilir Perak,Teluk Intan,4.0536,101.047,2192,MY-08,MY.PK,MY.PK.HI
Perak,Hulu Perak,Gerik,5.4456,101.1119,6895,MY-08,MY.PK,MY.PK.HU
Perak,Hulu Perak,Gerik,5.4763,101.1772,6842,MY-08,MY.PK,MY.PK.HU
Perak,Hulu Perak,Lenggong,5.171,100.928,4024,MY-08,MY.PK,MY.PK.HU
Perak,Hulu Perak,Lenggong,5.1013,100.971,2666,MY-08,MY.PK,MY.PK.HU
Perak,Hulu Perak,Lenggong,5.1382,100.9667,4514,MY-08,MY.PK,MY.PK.HU
Perak,Hulu Perak,Lenggong,5,100.97,1652,MY-08,MY.PK,MY.PK.HU
Perak,Hulu Perak,Lenggong,5.282,101.03,6745,MY-08,MY.PK,MY.PK.HU
Perak,Hulu Perak,Lenggong,5.309,101.113,3815,MY-08,MY.PK,MY.PK.HU
Perak,Hulu Perak,Gerik,5.3902,101.1826,4636,MY-08,MY.PK,MY.PK.HU
Perak,Hulu Perak,Gerik,5.3601,101.1469,5999,MY-08,MY.PK,MY.PK.HU
Perak,Hulu Perak,Gerik,5.4928,101.149,4406,MY-08,MY.PK,MY.PK.HU
Perak,Hulu Perak,Gerik,5.3848,101.1092,8676,MY-08,MY.PK,MY.PK.HU
Perak,Kampar,Kampar,4.2006,101.1533,2847,MY-08,MY.PK,MY.PK.KM
Perak,Kampar,Kampar,4.3239,101.1437,4194,MY-08,MY.PK,MY.PK.KM
Perak,Kampar,Kampar,4.2862,101.145,3995,MY-08,MY.PK,MY.PK.KM
Perak,Kampar,Kampar,4.2417,101.1396,2400,MY-08,MY.PK,MY.PK.KM
Perak,Kampar,Kampar,4.2707,101.1338,8089,MY-08,MY.PK,MY.PK.KM
Perak,Kampar,Kampar,4.3144,101.142,7833,MY-08,MY.PK,MY.PK.KM
Perak,Kerian,Parit Buntar,5.1251,100.4892,2632,MY-08,MY.PK,MY.PK.KE
Perak,Kerian,Parit Buntar,5.1149,100.477,8818,MY-08,MY.PK,MY.PK.KE
Perak,Kerian,Parit Buntar,5.1057,100.489,2947,MY-08,MY.PK,MY.PK.KE
Perak,Kerian,Parit Buntar,5.1169,100.4626,4878,MY-08,MY.PK,MY.PK.KE
Perak,Kerian,Parit Buntar,5.1078,100.4891,8010,MY-08,MY.PK,MY.PK.KE
Perak,Kerian,Parit Buntar,5.1281,100.4831,1393,MY-08,MY.PK,MY.PK.KE
Perak,Kinta,Ipoh,4.628,101.0969,3038,MY-08,MY.PK,MY.PK.KN
Perak,Kinta,Ipoh,4.6654,101.095,8408,MY-08,MY.PK,MY.PK.KN
Perak,Kinta,Ipoh,4.5977,101.1074,5517,MY-08,MY.PK,MY.PK.KN
Perak,Kinta,Ipoh,4.6517,101.0727,5695,MY-08,MY.PK,MY.PK.KN
Perak,Kinta,Ipoh,4.6227,101.0675,7026,MY-08,MY.PK,MY.PK.KN
Perak,Kinta,Ipoh,4.5969,101.0753,4420,MY-08,MY.PK,MY.PK.KN
Perak,Kuala Kangsar,Kuala Kangsar,4.7668,100.9476,3884,MY-08,MY.PK,MY.PK.KK
Perak,Kuala Kangsar,Kuala Kangsar,4.7701,100.9311,2576,MY-08,MY.PK,MY.PK.KK
Perak,Kuala Kangsar,Kuala Kangsar,4.7821,100.9343,3374,MY-08,MY.PK,MY.PK.KK
Perak,Kuala Kangsar,Kuala Kangsar,4.7704,100.916,7485,MY-08,MY.PK,MY.PK.KK
Perak,Kuala Kangsar,Kuala Kangsar,4.7501,100.9336,4233,MY-08,MY.PK,MY.PK.KK
Perak,Kuala Kangsar,Kuala Kangsar,4.7873,100.956,7169,MY-08,MY.PK,MY.PK.KK
Perak,Larut; Matang & Selama,Taiping,4.8495,100.7405,3501,MY-08,MY.PK,MY.PK.LM
Perak,Larut; Matang & Selama,Taiping,4.8584,100.7396,1559,MY-08,MY.PK,MY.PK.LM
Perak,Larut; Matang & Selama,Taiping,4.8533,100.7335,8007,MY-08,MY.PK,MY.PK.LM
Perak,Larut; Matang & Selama,Taiping,4.8636,100.733,3803,MY-08,MY.PK,MY.PK.LM
Perak,Larut; Matang & Selama,Taiping,4.8849,100.7326,1271,MY-08,MY.PK,MY.PK.LM
Perak,Larut; Matang & Selama,Taiping,4.8434,100.7087,1570,MY-08,MY.PK,MY.PK.LM
Perak,Manjung,Seri Manjung,4.1809,100.6397,8610,MY-08,MY.PK,MY.PK.MA
Perak,Manjung,Seri Manjung,4.1962,100.6646,8187,MY-08,MY.PK,MY.PK.MA
Perak,Manjung,Seri Manjung,4.2144,100.6685,1086,MY-08,MY.PK,MY.PK.MA
Perak,Manjung,Seri Manjung,4.1845,100.6643,4878,MY-08,MY.PK,MY.PK.MA
Perak,Manjung,Seri Manjung,4.2197,100.6703,5057,MY-08,MY.PK,MY.PK.MA
Perak,Manjung,Seri Manjung,4.1924,100.6569,8074,MY-08,MY.PK,MY.PK.MA
Perak,Perak Tengah,Seri Iskandar,4.3657,100.9592,6651,MY-08,MY.PK,MY.PK.PT
Perak,Perak Tengah,Seri Iskandar,4.3533,100.961,6893,MY-08,MY.PK,MY.PK.PT
Perak,Perak Tengah,Seri Iskandar,4.3637,100.9811,6793,MY-08,MY.PK,MY.PK.PT
Perak,Perak Tengah,Seri Iskandar,4.3684,100.9589,1647,MY-08,MY.PK,MY.PK.PT
Perak,Perak Tengah,Seri Iskandar,4.3646,100.9834,8616,MY-08,MY.PK,MY.PK.PT
Perak,Perak Tengah,Seri Iskandar,4.366,100.9546,7102,MY-08,MY.PK,MY.PK.PT
Penang,Barat Daya Pulau Pinang,Balik Pulau,5.3765,100.2203,5989,MY-07,MY.PG,MY.PG.BD
Penang,Barat Daya Pulau Pinang,Balik Pulau,5.3593,100.2107,2612,MY-07,MY.PG,MY.PG.BD
Penang,Barat Daya Pulau Pinang,Balik Pulau,5.3404,100.2368,6176,MY-07,MY.PG,MY.PG.BD
Penang,Barat Daya Pulau Pinang,Balik Pulau,5.3346,100.2282,7191,MY-07,MY.PG,MY.PG.BD
Penang,Barat Daya Pulau Pinang,Balik Pulau,5.3415,100.2141,3024,MY-07,MY.PG,MY.PG.BD
Penang,Barat Daya Pulau Pinang,Balik Pulau,5.3494,100.2327,5858,MY-07,MY.PG,MY.PG.BD
Penang,Seberang Perai Selatan,Sungai Jawi,5.2625,100.5106,2315,MY-07,MY.PG,MY.PG.SS
Penang,Seberang Perai Selatan,Sungai Jawi,5.1819,100.481,2158,MY-07,MY.PG,MY.PG.SS
Penang,Seberang Perai Selatan,Sungai Jawi,5.1538,100.4831,1721,MY-07,MY.PG,MY.PG.SS
Penang,Seberang Perai Selatan,Sungai Jawi,5.2673,100.4522,1235,MY-07,MY.PG,MY.PG.SS
Penang,Seberang Perai Selatan,Sungai Jawi,5.2347,100.5085,6561,MY-07,MY.PG,MY.PG.SS
Penang,Seberang Perai Selatan,Sungai Jawi,5.2759,100.4831,8769,MY-07,MY.PG,MY.PG.SS
Penang,Seberang Perai Tengah,Bukit Mertajam,5.3486,100.4835,1253,MY-07,MY.PG,MY.PG.ST
Penang,Seberang Perai Tengah,Bukit Mertajam,5.3749,100.4667,2594,MY-07,MY.PG,MY.PG.ST
Penang,Seberang Perai Tengah,Bukit Mertajam,5.3739,100.4214,7035,MY-07,MY.PG,MY.PG.ST
Penang,Seberang Perai Tengah,Bukit Mertajam,5.341,100.5134,8453,MY-07,MY.PG,MY.PG.ST
Penang,Seberang Perai Tengah,Bukit Mertajam,5.3656,100.4466,6123,MY-07,MY.PG,MY.PG.ST
Penang,Seberang Perai Tengah,Bukit Mertajam,5.3594,100.4634,1734,MY-07,MY.PG,MY.PG.ST
Penang,Seberang Perai Utara,Kepala Batas,5.517,100.4488,8303,MY-07,MY.PG,MY.PG.SU
Penang,Seberang Perai Utara,Kepala Batas,5.5351,100.4649,2141,MY-07,MY.PG,MY.PG.SU
Penang,Seberang Perai Utara,Kepala Batas,5.5023,100.4464,5042,MY-07,MY.PG,MY.PG.SU
Penang,Seberang Perai Utara,Kepala Batas,5.4777,100.4389,5278,MY-07,MY.PG,MY.PG.SU
Penang,Seberang Perai Utara,Kepala Batas,5.5261,100.465,5973,MY-07,MY.PG,MY.PG.SU
Penang,Seberang Perai Utara,Kepala Batas,5.5149,100.434,6365,MY-07,MY.PG,MY.PG.SU
Penang,Timur Laut Pulau Pinang,George Town,5.4271,100.3056,5131,MY-07,MY.PG,MY.PG.TL
Penang,Timur Laut Pulau Pinang,George Town,5.3977,100.3018,1080,MY-07,MY.PG,MY.PG.TL
Penang,Timur Laut Pulau Pinang,George Town,5.4182,100.3276,3133,MY-07,MY.PG,MY.PG.TL
Penang,Timur Laut Pulau Pinang,George Town,5.3844,100.3046,3910,MY-07,MY.PG,MY.PG.TL
Penang,Timur Laut Pulau Pinang,George Town,5.4178,100.3204,1811,MY-07,MY.PG,MY.PG.TL
Penang,Timur Laut Pulau Pinang,George Town,5.4145,100.3129,3155,MY-07,MY.PG,MY.PG.TL
Selangor,Gombak,Rawang,3.3004,101.6403,4450,MY-10,MY.SL,MY.SL.GO
Selangor,Gombak,Rawang,3.2826,101.5263,1704,MY-10,MY.SL,MY.SL.GO
Selangor,Gombak,Rawang,3.2394,101.5407,2577,MY-10,MY.SL,MY.SL.GO
Selangor,Gombak,Rawang,3.2638,101.6843,8161,MY-10,MY.SL,MY.SL.GO
Selangor,Gombak,Rawang,3.3192,101.5745,5130,MY-10,MY.SL,MY.SL.GO
Selangor,Hulu Langat,Hulu Langat,3.1997,101.8567,2539,MY-10,MY.SL,MY.SL.HL
Selangor,Hulu Langat,Hulu Langat,3.1593,101.8911,7898,MY-10,MY.SL,MY.SL.HL
Selangor,Hulu Langat,Hulu Langat,3.1284,101.8279,1757,MY-10,MY.SL,MY.SL.HL
Selangor,Hulu Langat,Hulu Langat,3.0904,101.7935,3599,MY-10,MY.SL,MY.SL.HL
Selangor,Hulu Langat,Hulu Langat,3.1355,101.8349,4521,MY-10,MY.SL,MY.SL.HL
Selangor,Hulu Selangor,Kuala Kubu Baru,3.5617,101.6572,4463,MY-10,MY.SL,MY.SL.HS
Selangor,Hulu Selangor,Kuala Kubu Baru,3.5621,101.6588,6249,MY-10,MY.SL,MY.SL.HS
Selangor,Hulu Selangor,Kuala Kubu Baru,3.5635,101.6607,1274,MY-10,MY.SL,MY.SL.HS
Selangor,Hulu Selangor,Kuala Kubu Baru,3.5628,101.656,5096,MY-10,MY.SL,MY.SL.HS
Selangor,Hulu Selangor,Kuala Kubu Baru,3.5736,101.6729,2701,MY-10,MY.SL,MY.SL.HS
Selangor,Klang,Klang,3.0239,101.4591,4255,MY-10,MY.SL,MY.SL.KE
Selangor,Klang,Klang,3.0426,101.4208,5256,MY-10,MY.SL,MY.SL.KE
Selangor,Klang,Klang,3.0534,101.4678,6697,MY-10,MY.SL,MY.SL.KE
Selangor,Klang,Klang,3.0693,101.4247,6424,MY-10,MY.SL,MY.SL.KE
Selangor,Klang,Klang,3.0453,101.4449,4760,MY-10,MY.SL,MY.SL.KE
Selangor,Kuala Langat,Banting,2.8002,101.501,8633,MY-10,MY.SL,MY.SL.KL
Selangor,Kuala Langat,Banting,2.8866,101.5449,2329,MY-10,MY.SL,MY.SL.KL
Selangor,Kuala Langat,Banting,2.936,101.4941,2350,MY-10,MY.SL,MY.SL.KL
Selangor,Kuala Langat,Banting,2.877,101.3142,8152,MY-10,MY.SL,MY.SL.KL
Selangor,Kuala Langat,Banting,2.815,101.5061,4589,MY-10,MY.SL,MY.SL.KL
Selangor,Kuala Selangor,Kuala Selangor,3.3494,101.2847,6073,MY-10,MY.SL,MY.SL.KS
Selangor,Kuala Selangor,Kuala Selangor,3.3574,101.3154,6145,MY-10,MY.SL,MY.SL.KS
Selangor,Kuala Selangor,Kuala Selangor,3.3355,101.2976,8467,MY-10,MY.SL,MY.SL.KS
Selangor,Kuala Selangor,Kuala Selangor,3.3884,101.2557,8484,MY-10,MY.SL,MY.SL.KS
Selangor,Kuala Selangor,Kuala Selangor,3.3322,101.2501,6608,MY-10,MY.SL,MY.SL.KS
Selangor,Petaling,Shah Alam,3.1061,101.56,7539,MY-10,MY.SL,MY.SL.PE
Selangor,Petaling,Shah Alam,3.1349,101.5051,6420,MY-10,MY.SL,MY.SL.PE
Selangor,Petaling,Shah Alam,3.0046,101.5669,4122,MY-10,MY.SL,MY.SL.PE
Selangor,Petaling,Shah Alam,3.1198,101.6369,4555,MY-10,MY.SL,MY.SL.PE
Selangor,Petaling,Shah Alam,3.0584,101.4939,2675,MY-10,MY.SL,MY.SL.PE
Selangor,Petaling,Shah Alam,3.047,101.543,2508,MY-10,MY.SL,MY.SL.PE
Selangor,Petaling,Shah Alam,3.092206,101.4864,8782,MY-10,MY.SL,MY.SL.PE
Selangor,Petaling,Shah Alam,3.1064,101.515,2636,MY-10,MY.SL,MY.SL.PE
Selangor,Petaling,Shah Alam,3.0415,101.521,3119,MY-10,MY.SL,MY.SL.PE
Selangor,Petaling,Sg Buloh,3.1979,101.5406,2719,MY-10,MY.SL,MY.SL.PE
Selangor,Petaling,Sg Buloh,3.1973,101.579,7867,MY-10,MY.SL,MY.SL.PE
Selangor,Petaling,Sg Buloh,3.1733,101.5449,5478,MY-10,MY.SL,MY.SL.PE
Selangor,Petaling,Sg Buloh,3.231,101.552,1529,MY-10,MY.SL,MY.SL.PE
Selangor,Petaling,Sg Buloh,3.205,101.499,5883,MY-10,MY.SL,MY.SL.PE
Selangor,Petaling,Damansara,3.1419,101.575,1281,MY-10,MY.SL,MY.SL.PE
Selangor,Petaling,Damansara,3.1217,101.612,3946,MY-10,MY.SL,MY.SL.PE
Selangor,Petaling,Damansara,3.1604,101.599,1602,MY-10,MY.SL,MY.SL.PE
Selangor,Petaling,Damansara,3.1229,101.556,5333,MY-10,MY.SL,MY.SL.PE
Selangor,Petaling,Damansara,3.158,101.6033,7615,MY-10,MY.SL,MY.SL.PE
Selangor,Sepang,Sepang,2.8062,101.7149,6747,MY-10,MY.SL,MY.SL.SP
Selangor,Sepang,Sepang,2.7664,101.7417,4399,MY-10,MY.SL,MY.SL.SP
Selangor,Sepang,Sepang,2.7047,101.7334,6677,MY-10,MY.SL,MY.SL.SP
Selangor,Sepang,Sepang,2.8295,101.7163,5248,MY-10,MY.SL,MY.SL.SP
Selangor,Sepang,Sepang,2.6884,101.7502,6172,MY-10,MY.SL,MY.SL.SP
Selangor,Sabak Bernam,Sabak Bernam,3.5526,101.163,1172,MY-10,MY.SL,MY.SL.SB
Selangor,Sabak Bernam,Sabak Bernam,3.7801,101.0219,1048,MY-10,MY.SL,MY.SL.SB
Selangor,Sabak Bernam,Sabak Bernam,3.7112,101.0016,8912,MY-10,MY.SL,MY.SL.SB
Selangor,Sabak Bernam,Sabak Bernam,3.6468,101.299,6113,MY-10,MY.SL,MY.SL.SB
Selangor,Sabak Bernam,Sabak Bernam,3.7626,100.9878,8552,MY-10,MY.SL,MY.SL.SB
N.Sembilan,Jelebu,Kuala Klawang,2.927,102.1048,5200,MY-05,MY.NS,MY.NS.JL
N.Sembilan,Jelebu,Kuala Klawang,2.9702,102.1886,8749,MY-05,MY.NS,MY.NS.JL
N.Sembilan,Jelebu,Kuala Klawang,2.8619,102.0959,6664,MY-05,MY.NS,MY.NS.JL
N.Sembilan,Jelebu,Kuala Klawang,2.9538,102.0413,8418,MY-05,MY.NS,MY.NS.JL
N.Sembilan,Jelebu,Kuala Klawang,2.9652,102.1087,8490,MY-05,MY.NS,MY.NS.JL
N.Sembilan,Jelebu,Kuala Klawang,2.9505,102.0854,8570,MY-05,MY.NS,MY.NS.JL
N.Sembilan,Jempol,Bahau / Jempol,2.8037,102.4204,4215,MY-05,MY.NS,MY.NS.JM
N.Sembilan,Jempol,Bahau / Jempol,2.7784,102.3903,8018,MY-05,MY.NS,MY.NS.JM
N.Sembilan,Jempol,Bahau / Jempol,2.8482,102.375,2420,MY-05,MY.NS,MY.NS.JM
N.Sembilan,Jempol,Bahau / Jempol,2.8215,102.4428,5115,MY-05,MY.NS,MY.NS.JM
N.Sembilan,Jempol,Bahau / Jempol,2.8097,102.402,5848,MY-05,MY.NS,MY.NS.JM
N.Sembilan,Jempol,Bahau / Jempol,2.8075,102.4002,3426,MY-05,MY.NS,MY.NS.JM
N.Sembilan,Kuala Pilah,Kuala Pilah,2.6997,102.2345,4927,MY-05,MY.NS,MY.NS.KP
N.Sembilan,Kuala Pilah,Kuala Pilah,2.7302,102.298,8880,MY-05,MY.NS,MY.NS.KP
N.Sembilan,Kuala Pilah,Kuala Pilah,2.7662,102.2311,3667,MY-05,MY.NS,MY.NS.KP
N.Sembilan,Kuala Pilah,Kuala Pilah,2.8242,102.2675,1988,MY-05,MY.NS,MY.NS.KP
N.Sembilan,Kuala Pilah,Kuala Pilah,2.741,102.2438,5672,MY-05,MY.NS,MY.NS.KP
N.Sembilan,Kuala Pilah,Kuala Pilah,2.7454,102.2468,7180,MY-05,MY.NS,MY.NS.KP
N.Sembilan,Port Dickson,Lukut,2.5887,101.8439,7828,MY-05,MY.NS,MY.NS.PD
N.Sembilan,Port Dickson,Lukut,2.5315,101.8406,8323,MY-05,MY.NS,MY.NS.PD
N.Sembilan,Port Dickson,Lukut,2.6315,101.7863,4766,MY-05,MY.NS,MY.NS.PD
N.Sembilan,Port Dickson,Lukut,2.4683,101.866,6438,MY-05,MY.NS,MY.NS.PD
N.Sembilan,Port Dickson,Lukut,2.571,101.8306,3418,MY-05,MY.NS,MY.NS.PD
N.Sembilan,Port Dickson,Lukut,2.5602,101.8128,2235,MY-05,MY.NS,MY.NS.PD
N.Sembilan,Rembau,Rembau,2.5854,102.1607,5349,MY-05,MY.NS,MY.NS.RE
N.Sembilan,Rembau,Rembau,2.5504,102.0763,7489,MY-05,MY.NS,MY.NS.RE
N.Sembilan,Rembau,Rembau,2.6018,102.1113,7282,MY-05,MY.NS,MY.NS.RE
N.Sembilan,Rembau,Rembau,2.5127,102.0687,4884,MY-05,MY.NS,MY.NS.RE
N.Sembilan,Rembau,Rembau,2.5905,102.0933,1463,MY-05,MY.NS,MY.NS.RE
N.Sembilan,Rembau,Rembau,2.592,102.0989,4309,MY-05,MY.NS,MY.NS.RE
N.Sembilan,Seremban,Seremban,2.6966,102.0411,7123,MY-05,MY.NS,MY.NS.SE
N.Sembilan,Seremban,Seremban,2.6994,101.9127,6914,MY-05,MY.NS,MY.NS.SE
N.Sembilan,Seremban,Seremban,2.6434,102.0161,8566,MY-05,MY.NS,MY.NS.SE
N.Sembilan,Seremban,Seremban,2.7529,101.9773,8271,MY-05,MY.NS,MY.NS.SE
N.Sembilan,Seremban,Seremban,2.7226,101.9415,8924,MY-05,MY.NS,MY.NS.SE
N.Sembilan,Seremban,Seremban,2.7201,101.9409,6272,MY-05,MY.NS,MY.NS.SE
N.Sembilan,Tampin,Tampin,2.472,102.2541,6894,MY-04,MY.NS,MY.NS.TA
N.Sembilan,Tampin,Tampin,2.4974,102.2743,5805,MY-04,MY.NS,MY.NS.TA
N.Sembilan,Tampin,Tampin,2.5073,102.2273,8760,MY-04,MY.NS,MY.NS.TA
N.Sembilan,Tampin,Tampin,2.5257,102.2376,4792,MY-04,MY.NS,MY.NS.TA
N.Sembilan,Tampin,Tampin,2.4682,102.2305,5664,MY-04,MY.NS,MY.NS.TA
N.Sembilan,Tampin,Tampin,2.4693,102.221,5139,MY-04,MY.NS,MY.NS.TA
Melaka,Alor Gajah,Alor Gajah,2.4007,102.2874,8857,MY-04,MY.ME,MY.ME.AG
Melaka,Alor Gajah,Alor Gajah,2.4473,102.2201,2369,MY-04,MY.ME,MY.ME.AG
Melaka,Alor Gajah,Alor Gajah,2.3876,102.2915,1794,MY-04,MY.ME,MY.ME.AG
Melaka,Alor Gajah,Alor Gajah,2.4624,102.2023,3368,MY-04,MY.ME,MY.ME.AG
Melaka,Alor Gajah,Alor Gajah,2.3819,102.2102,3003,MY-04,MY.ME,MY.ME.AG
Melaka,Alor Gajah,Alor Gajah,2.3782,102.2088,4580,MY-04,MY.ME,MY.ME.AG
Melaka,Jasin,Jasin,2.2546,102.4441,4914,MY-04,MY.ME,MY.ME.JA
Melaka,Jasin,Jasin,2.3191,102.3501,2992,MY-04,MY.ME,MY.ME.JA
Melaka,Jasin,Jasin,2.315,102.4517,4442,MY-04,MY.ME,MY.ME.JA
Melaka,Jasin,Jasin,2.3253,102.3707,3778,MY-04,MY.ME,MY.ME.JA
Melaka,Jasin,Jasin,2.3055,102.4225,8911,MY-04,MY.ME,MY.ME.JA
Melaka,Jasin,Jasin,2.3057,102.4229,2668,MY-04,MY.ME,MY.ME.JA
Melaka,Melaka Tengah,Melaka Tengah,2.2543,102.211,3627,MY-04,MY.ME,MY.ME.MT
Melaka,Melaka Tengah,Melaka Tengah,2.2632,102.2879,8135,MY-04,MY.ME,MY.ME.MT
Melaka,Melaka Tengah,Melaka Tengah,2.1946,102.3154,2616,MY-04,MY.ME,MY.ME.MT
Melaka,Melaka Tengah,Melaka Tengah,2.2817,102.1684,3489,MY-04,MY.ME,MY.ME.MT
Melaka,Melaka Tengah,Melaka Tengah,2.2718,102.286,3183,MY-04,MY.ME,MY.ME.MT
Melaka,Melaka Tengah,Melaka Tengah,2.2573,102.2788,8355,MY-04,MY.ME,MY.ME.MT
Pahang,Bentong,Bentong,3.5665,101.972,2789,MY-06,MY.PH,MY.PH.BN
Pahang,Bentong,Bentong,3.3636,101.983,4523,MY-06,MY.PH,MY.PH.BN
Pahang,Bentong,Bentong,3.2101,102.1643,2331,MY-06,MY.PH,MY.PH.BN
Pahang,Bentong,Bentong,3.2841,102.222,8422,MY-06,MY.PH,MY.PH.BN
Pahang,Bentong,Bentong,3.5253,101.9043,6753,MY-06,MY.PH,MY.PH.BN
Pahang,Bentong,Bentong,3.5269,101.9068,4954,MY-06,MY.PH,MY.PH.BN
Pahang,Bera,Bandar Bera,3.1845,102.4674,1768,MY-06,MY.PH,MY.PH.BR
Pahang,Bera,Bandar Bera,3.0255,102.6762,8553,MY-06,MY.PH,MY.PH.BR
Pahang,Bera,Bandar Bera,3.2229,102.3686,7206,MY-06,MY.PH,MY.PH.BR
Pahang,Bera,Bandar Bera,3.3655,102.5691,8807,MY-06,MY.PH,MY.PH.BR
Pahang,Bera,Bandar Bera,3.2715,102.4524,6901,MY-06,MY.PH,MY.PH.BR
Pahang,Bera,Bandar Bera,3.2453,102.413,1669,MY-06,MY.PH,MY.PH.BR
Pahang,Cameron Highlands,Tanah Rata,4.4943,101.4454,7189,MY-06,MY.PH,MY.PH.CH
Pahang,Cameron Highlands,Tanah Rata,4.4163,101.4736,2968,MY-06,MY.PH,MY.PH.CH
Pahang,Cameron Highlands,Tanah Rata,4.482,101.5574,5037,MY-06,MY.PH,MY.PH.CH
Pahang,Cameron Highlands,Tanah Rata,4.5207,101.3981,5114,MY-06,MY.PH,MY.PH.CH
Pahang,Cameron Highlands,Tanah Rata,4.4676,101.3892,8476,MY-06,MY.PH,MY.PH.CH
Pahang,Cameron Highlands,Tanah Rata,4.4888,101.3765,6583,MY-06,MY.PH,MY.PH.CH
Pahang,Jerantut,Jerantut,3.9943,102.4137,4222,MY-06,MY.PH,MY.PH.JE
Pahang,Jerantut,Jerantut,4.0135,102.2146,5792,MY-06,MY.PH,MY.PH.JE
Pahang,Jerantut,Jerantut,3.8559,102.3629,3281,MY-06,MY.PH,MY.PH.JE
Pahang,Jerantut,Kuala Tahan,4.317,102.44,4438,MY-06,MY.PH,MY.PH.JE
Pahang,Jerantut,Kuala Tahan,4.3132,102.376,2188,MY-06,MY.PH,MY.PH.JE
Pahang,Jerantut,Kuala Tahan,4.356,102.4183,4452,MY-06,MY.PH,MY.PH.JE
Pahang,Jerantut,Kuala Tahan,4.3432,102.378,6480,MY-06,MY.PH,MY.PH.JE
Pahang,Jerantut,Kuala Tahan,4.4032,102.379,6016,MY-06,MY.PH,MY.PH.JE
Pahang,Jerantut,Jerantut,3.9806,102.5263,1348,MY-06,MY.PH,MY.PH.JE
Pahang,Jerantut,Jerantut,3.9382,102.3605,2077,MY-06,MY.PH,MY.PH.JE
Pahang,Jerantut,Jerantut,3.9315,102.3622,2495,MY-06,MY.PH,MY.PH.JE
Pahang,Kuantan,Kuantan,3.8688,103.168,3452,MY-06,MY.PH,MY.PH.KU
Pahang,Kuantan,Kuantan,3.803,103.2339,3983,MY-06,MY.PH,MY.PH.KU
Pahang,Kuantan,Kuantan,3.729,103.2477,5150,MY-06,MY.PH,MY.PH.KU
Pahang,Kuantan,Kuantan,3.8318,103.3122,1793,MY-06,MY.PH,MY.PH.KU
Pahang,Kuantan,Kuantan,3.793,103.1659,1022,MY-06,MY.PH,MY.PH.KU
Pahang,Kuantan,Kuantan,3.7831,103.2358,3634,MY-06,MY.PH,MY.PH.KU
Pahang,Lipis,Lipis,4.2476,102.0838,2056,MY-06,MY.PH,MY.PH.LI
Pahang,Lipis,Lipis,4.0969,102.1964,8221,MY-06,MY.PH,MY.PH.LI
Pahang,Lipis,Lipis,4.2421,101.7062,2794,MY-06,MY.PH,MY.PH.LI
Pahang,Lipis,Lipis,4.4365,101.9135,6395,MY-06,MY.PH,MY.PH.LI
Pahang,Lipis,Lipis,4.182,102.0532,5596,MY-06,MY.PH,MY.PH.LI
Pahang,Lipis,Lipis,4.1735,102.0437,8044,MY-06,MY.PH,MY.PH.LI
Pahang,Maran,Maran,3.5411,102.7734,1833,MY-06,MY.PH,MY.PH.MA
Pahang,Maran,Maran,3.6595,102.8808,2959,MY-06,MY.PH,MY.PH.MA
Pahang,Maran,Maran,3.5217,102.6906,7046,MY-06,MY.PH,MY.PH.MA
Pahang,Maran,Maran,3.5149,102.8307,2519,MY-06,MY.PH,MY.PH.MA
Pahang,Maran,Maran,3.5838,102.7836,3062,MY-06,MY.PH,MY.PH.MA
Pahang,Maran,Maran,3.582,102.7724,3255,MY-06,MY.PH,MY.PH.MA
Pahang,Pekan,Pekan,3.1067,103.4038,4336,MY-06,MY.PH,MY.PH.PE
Pahang,Pekan,Pekan,3.2184,103.4196,2282,MY-06,MY.PH,MY.PH.PE
Pahang,Pekan,Pekan,3.4878,103.3633,1269,MY-06,MY.PH,MY.PH.PE
Pahang,Pekan,Pekan,3.5879,103.3496,2694,MY-06,MY.PH,MY.PH.PE
Pahang,Pekan,Pekan,3.4892,103.3898,3675,MY-06,MY.PH,MY.PH.PE
Pahang,Pekan,Pekan,3.5022,103.3817,3020,MY-06,MY.PH,MY.PH.PE
Pahang,Raub,Raub,3.9023,101.8093,7010,MY-06,MY.PH,MY.PH.RA
Pahang,Raub,Raub,3.8571,101.9041,7140,MY-06,MY.PH,MY.PH.RA
Pahang,Raub,Raub,3.7269,101.8313,5927,MY-06,MY.PH,MY.PH.RA
Pahang,Raub,Raub,4.0502,101.775,1484,MY-06,MY.PH,MY.PH.RA
Pahang,Raub,Raub,3.7956,101.8555,5857,MY-06,MY.PH,MY.PH.RA
Pahang,Raub,Raub,3.808,101.8472,5623,MY-06,MY.PH,MY.PH.RA
Pahang,Rompin,Rompin,2.7158,103.5037,4850,MY-06,MY.PH,MY.PH.RO
Pahang,Rompin,Rompin,2.7497,103.055,1878,MY-06,MY.PH,MY.PH.RO
Pahang,Rompin,Rompin,3.1474,102.849,3627,MY-06,MY.PH,MY.PH.RO
Pahang,Rompin,Rompin,2.618,103.6015,6732,MY-06,MY.PH,MY.PH.RO
Pahang,Rompin,Rompin,2.7085,102.5053,1343,MY-06,MY.PH,MY.PH.RO
Pahang,Rompin,Tun Razak,2.968676,103.005104,6564,MY-06,MY.PH,MY.PH.RO
Pahang,Rompin,Tun Razak,2.892305,103.008745,5153,MY-06,MY.PH,MY.PH.RO
Pahang,Rompin,Rompin,2.869033,103.2351,3201,MY-06,MY.PH,MY.PH.RO
Pahang,Rompin,Rompin,2.884386,103.267,1020,MY-06,MY.PH,MY.PH.RO
Pahang,Rompin,Rompin,2.8807,103.219,5732,MY-06,MY.PH,MY.PH.RO
Pahang,Rompin,Rompin,2.91805,103.226541,4925,MY-06,MY.PH,MY.PH.RO
Pahang,Rompin,Tun Razak,3.0028,102.928633,7987,MY-06,MY.PH,MY.PH.RO
Pahang,Rompin,Tun Razak,3.0104,103.0136,3958,MY-06,MY.PH,MY.PH.RO
Pahang,Rompin,Rompin,2.6946,102.5257,8099,MY-06,MY.PH,MY.PH.RO
Pahang,Temerloh,Temerloh,3.4409,102.4912,5260,MY-06,MY.PH,MY.PH.TE
Pahang,Temerloh,Temerloh,3.3829,102.4452,2967,MY-06,MY.PH,MY.PH.TE
Pahang,Temerloh,Temerloh,3.4487,102.3947,4199,MY-06,MY.PH,MY.PH.TE
Pahang,Temerloh,Temerloh,3.5413,102.4407,7845,MY-06,MY.PH,MY.PH.TE
Pahang,Temerloh,Temerloh,3.4475,102.4189,2404,MY-06,MY.PH,MY.PH.TE
Pahang,Temerloh,Temerloh,3.4508,102.4188,5230,MY-06,MY.PH,MY.PH.TE
Pahang,Temerloh,Temerloh,3.4475,102.4189,8891,MY-06,MY.PH,MY.PH.TE
Terengganu,Besut,Jerteh,5.6143,102.5593,4772,MY-11,MY.TE,MY.TE.BE
Terengganu,Besut,Jerteh,5.6935,102.5263,4948,MY-11,MY.TE,MY.TE.BE
Terengganu,Besut,Jerteh,5.7455,102.5593,2014,MY-11,MY.TE,MY.TE.BE
Terengganu,Besut,Jerteh,5.5897,102.5785,5969,MY-11,MY.TE,MY.TE.BE
Terengganu,Dungun,Dungun,4.7962,103.368,6504,MY-11,MY.TE,MY.TE.DU
Terengganu,Dungun,Dungun,4.73333,103.403,7776,MY-11,MY.TE,MY.TE.DU
Terengganu,Dungun,Dungun,4.7189,103.3481,4988,MY-11,MY.TE,MY.TE.DU
Terengganu,Dungun,Dungun,4.8024,103.2513,5699,MY-11,MY.TE,MY.TE.DU
Terengganu,Hulu Terengganu,Kuala Berang,5.1014,102.8963,1448,MY-11,MY.TE,MY.TE.HT
Terengganu,Hulu Terengganu,Kuala Berang,5.152,102.9704,8714,MY-11,MY.TE,MY.TE.HT
Terengganu,Hulu Terengganu,Kuala Berang,5.1766,102.829,1100,MY-11,MY.TE,MY.TE.HT
Terengganu,Hulu Terengganu,Kuala Berang,5.2655,102.8949,6962,MY-11,MY.TE,MY.TE.HT
Terengganu,Kemaman,Chukai,4.2366,103.3029,7590,MY-11,MY.TE,MY.TE.KE
Terengganu,Kemaman,Chukai,4.3749,103.329,5000,MY-11,MY.TE,MY.TE.KE
Terengganu,Kemaman,Chukai,4.2846,103.3475,1269,MY-11,MY.TE,MY.TE.KE
Terengganu,Kemaman,Chukai,4.1729,103.2603,6140,MY-11,MY.TE,MY.TE.KE
Terengganu,Kuala Terengganu,Kuala Terengganu,5.237,102.9944,6013,MY-11,MY.TE,MY.TE.KT
Terengganu,Kuala Terengganu,Kuala Terengganu,5.4065,103.0342,3182,MY-11,MY.TE,MY.TE.KT
Terengganu,Kuala Terengganu,Kuala Terengganu,5.2849,103.1386,4841,MY-11,MY.TE,MY.TE.KT
Terengganu,Kuala Terengganu,Kuala Terengganu,5.1878,103.0466,6051,MY-11,MY.TE,MY.TE.KT
Terengganu,Marang,Marang,5.1419,103.1551,4749,MY-11,MY.TE,MY.TE.MA
Terengganu,Marang,Marang,5.0941,103.2238,3076,MY-11,MY.TE,MY.TE.MA
Terengganu,Marang,Marang,4.9545,103.2568,6426,MY-11,MY.TE,MY.TE.MA
Terengganu,Marang,Marang,4.949,103.335,6705,MY-11,MY.TE,MY.TE.MA
Terengganu,Setiu,Bandar Permaisuri,5.5172,102.7597,4435,MY-11,MY.TE,MY.TE.SE
Terengganu,Setiu,Bandar Permaisuri,5.4687,102.8494,7553,MY-11,MY.TE,MY.TE.SE
Terengganu,Setiu,Bandar Permaisuri,5.4445,102.835,8261,MY-11,MY.TE,MY.TE.SE
Terengganu,Setiu,Bandar Permaisuri,5.5305,102.7558,3388,MY-11,MY.TE,MY.TE.SE
Kelantan,Bachok,Bachok,6.0291,102.399,4266,MY-03,MY.KN,MY.KN.BA
Kelantan,Bachok,Bachok,5.9643,102.432,2815,MY-03,MY.KN,MY.KN.BA
Kelantan,Bachok,Bachok,5.9253,102.4292,7054,MY-03,MY.KN,MY.KN.BA
Kelantan,Bachok,Bachok,5.9745,102.3956,4274,MY-03,MY.KN,MY.KN.BA
Kelantan,Gua Musang,Gua Musang,4.8685,101.9528,3292,MY-03,MY.KN,MY.KN.GM
Kelantan,Gua Musang,Gua Musang,4.939,101.9624,8224,MY-03,MY.KN,MY.KN.GM
Kelantan,Gua Musang,Gua Musang,4.8049,102.0139,4152,MY-03,MY.KN,MY.KN.GM
Kelantan,Gua Musang,Gua Musang,4.8364,101.8697,7397,MY-03,MY.KN,MY.KN.GM
Kelantan,Jeli,Jeli,5.7054,101.8576,4814,MY-03,MY.KN,MY.KN.JE
Kelantan,Jeli,Jeli,5.6217,101.8482,4154,MY-03,MY.KN,MY.KN.JE
Kelantan,Jeli,Jeli,5.5684,101.8977,2171,MY-03,MY.KN,MY.KN.JE
Kelantan,Jeli,Jeli,5.716,101.8345,6790,MY-03,MY.KN,MY.KN.JE
Kelantan,Kota Bharu,Kota Bharu,6.1383,102.3051,3145,MY-03,MY.KN,MY.KN.KB
Kelantan,Kota Bharu,Kota Bharu,6.0591,102.3305,6935,MY-03,MY.KN,MY.KN.KB
Kelantan,Kota Bharu,Kota Bharu,6.0984,102.3834,1864,MY-03,MY.KN,MY.KN.KB
Kelantan,Kota Bharu,Kota Bharu,6.099,102.2529,8161,MY-03,MY.KN,MY.KN.KB
Kelantan,Kuala Krai,Kuala Krai,5.4841,102.2662,7969,MY-03,MY.KN,MY.KN.KK
Kelantan,Kuala Krai,Kuala Krai,5.4253,102.3198,3000,MY-03,MY.KN,MY.KN.KK
Kelantan,Kuala Krai,Kuala Krai,5.6262,102.1598,6104,MY-03,MY.KN,MY.KN.KK
Kelantan,Kuala Krai,Kuala Krai,5.594,102.2736,6764,MY-03,MY.KN,MY.KN.KK
Kelantan,Machang,Machang,5.7593,102.25,3747,MY-03,MY.KN,MY.KN.MA
Kelantan,Machang,Machang,5.8129,102.2596,7548,MY-03,MY.KN,MY.KN.MA
Kelantan,Machang,Machang,5.7644,102.182,5488,MY-03,MY.KN,MY.KN.MA
Kelantan,Machang,Machang,5.7436,102.2418,1586,MY-03,MY.KN,MY.KN.MA
Kelantan,Pasir Mas,Pasir Mas,6.0174,102.1169,1831,MY-03,MY.KN,MY.KN.PM
Kelantan,Pasir Mas,Pasir Mas,5.9573,102.1924,6853,MY-03,MY.KN,MY.KN.PM
Kelantan,Pasir Mas,Pasir Mas,5.93,102.0853,4814,MY-03,MY.KN,MY.KN.PM
Kelantan,Pasir Mas,Pasir Mas,6.0953,102.1017,4147,MY-03,MY.KN,MY.KN.PM
Kelantan,Pasir Puteh,Pasir Puteh,5.8006,102.4117,3920,MY-03,MY.KN,MY.KN.PP
Kelantan,Pasir Puteh,Pasir Puteh,5.8881,102.3897,7715,MY-03,MY.KN,MY.KN.PP
Kelantan,Pasir Puteh,Pasir Puteh,5.8963,102.4556,6840,MY-03,MY.KN,MY.KN.PP
Kelantan,Pasir Puteh,Pasir Puteh,5.7806,102.3521,4105,MY-03,MY.KN,MY.KN.PP
Kelantan,Tanah Merah,Tanah Merah,5.8106,102.089,7093,MY-03,MY.KN,MY.KN.TM
Kelantan,Tanah Merah,Tanah Merah,5.8946,102.0993,2567,MY-03,MY.KN,MY.KN.TM
Kelantan,Tanah Merah,Tanah Merah,5.7627,102.1096,7234,MY-03,MY.KN,MY.KN.TM
Kelantan,Tanah Merah,Tanah Merah,5.844,101.9557,6478,MY-03,MY.KN,MY.KN.TM
Kelantan,Tumpat,Tumpat,6.2273,102.0956,1045,MY-03,MY.KN,MY.KN.TU
Kelantan,Tumpat,Tumpat,6.1453,102.1526,7125,MY-03,MY.KN,MY.KN.TU
Kelantan,Tumpat,Tumpat,6.1781,102.2227,2508,MY-03,MY.KN,MY.KN.TU
Kelantan,Tumpat,Tumpat,6.2081,102.1114,1663,MY-03,MY.KN,MY.KN.TU
Johor,Batu Pahat,Batu Pahat,1.9544,102.855,3019,MY-01,MY.JH,MY.JH.BP
Johor,Batu Pahat,Batu Pahat,1.8391,103.1269,8376,MY-01,MY.JH,MY.JH.BP
Johor,Batu Pahat,Batu Pahat,1.8659,103.1578,8701,MY-01,MY.JH,MY.JH.BP
Johor,Batu Pahat,Batu Pahat,1.919,102.92,8553,MY-01,MY.JH,MY.JH.BP
Johor,Batu Pahat,Batu Pahat,1.862,103.092,7779,MY-01,MY.JH,MY.JH.BP
Johor,Batu Pahat,Batu Pahat,1.741,103.044,3744,MY-01,MY.JH,MY.JH.BP
Johor,Batu Pahat,Batu Pahat,1.853,102.936,3905,MY-01,MY.JH,MY.JH.BP
Johor,Johor Bahru,Johor Bahru,1.4975,103.6163,3042,MY-01,MY.JH,MY.JH.JH
Johor,Johor Bahru,Johor Bahru,1.5187,103.7571,1165,MY-01,MY.JH,MY.JH.JH
Johor,Johor Bahru,Johor Bahru,1.5675,103.77166,7094,MY-01,MY.JH,MY.JH.JH
Johor,Johor Bahru,Johor Bahru,1.4645,103.7447,3772,MY-01,MY.JH,MY.JH.JH
Johor,Kluang,Kluang,1.9862,103.3282,6520,MY-01,MY.JH,MY.JH.KE
Johor,Kluang,Kluang,2.0696,103.344,6056,MY-01,MY.JH,MY.JH.KE
Johor,Kluang,Kluang,2.0248,103.3218,7070,MY-01,MY.JH,MY.JH.KE
Johor,Kluang,Kluang,2.043,103.3203,4344,MY-01,MY.JH,MY.JH.KE
Johor,Kluang,Kluang,1.9943,103.264,4897,MY-01,MY.JH,MY.JH.KE
Johor,Kluang,Kluang,1.99,103.362,2391,MY-01,MY.JH,MY.JH.KE
Johor,Kluang,Kluang,2.104,103.454,7383,MY-01,MY.JH,MY.JH.KE
Johor,Kota Tinggi,Kota Tinggi,1.7148,103.8964,4967,MY-01,MY.JH,MY.JH.KT
Johor,Kota Tinggi,Kota Tinggi,1.7891,103.9102,3970,MY-01,MY.JH,MY.JH.KT
Johor,Kota Tinggi,Kota Tinggi,1.7568,103.8806,5635,MY-01,MY.JH,MY.JH.KT
Johor,Kota Tinggi,Kota Tinggi,1.7405,103.9107,2292,MY-01,MY.JH,MY.JH.KT
Johor,Kulai,Kulai,1.6484,103.6006,8740,MY-01,MY.JH,MY.JH.KU
Johor,Kulai,Kulai,1.6809,103.5848,4523,MY-01,MY.JH,MY.JH.KU
Johor,Kulai,Kulai,1.6331,103.6003,1065,MY-01,MY.JH,MY.JH.KU
Johor,Kulai,Kulai,1.6632,103.6013,8601,MY-01,MY.JH,MY.JH.KU
Johor,Tangkak,Tangkak,2.2693,102.5338,7159,MY-01,MY.JH,MY.JH.LD
Johor,Tangkak,Tangkak,2.2698,102.5325,4389,MY-01,MY.JH,MY.JH.LD
Johor,Tangkak,Tangkak,2.2715,102.5518,7097,MY-01,MY.JH,MY.JH.LD
Johor,Tangkak,Tangkak,2.2875,102.5507,6639,MY-01,MY.JH,MY.JH.LD
Johor,Mersing,Mersing,2.4299,103.8459,3572,MY-01,MY.JH,MY.JH.ME
Johor,Mersing,Mersing,2.4165,103.8315,7127,MY-01,MY.JH,MY.JH.ME
Johor,Mersing,Mersing,2.3945,103.8626,8177,MY-01,MY.JH,MY.JH.ME
Johor,Mersing,Mersing,2.4775,103.8173,5227,MY-01,MY.JH,MY.JH.ME
Johor,Muar,Muar,2.0708,102.578,4790,MY-01,MY.JH,MY.JH.MR
Johor,Muar,Muar,2.087,102.5867,1550,MY-01,MY.JH,MY.JH.MR
Johor,Muar,Muar,2.052,102.6144,5271,MY-01,MY.JH,MY.JH.MR
Johor,Muar,Muar,2.0389,102.5707,1017,MY-01,MY.JH,MY.JH.MR
Johor,Muar,Pagoh,2.1275,102.713236,2055,MY-01,MY.JH,MY.JH.MR
Johor,Muar,Pagoh,2.10214,102.716,3994,MY-01,MY.JH,MY.JH.MR
Johor,Muar,Pagoh,2.113,102.78,7249,MY-01,MY.JH,MY.JH.MR
Johor,Muar,Pagoh,2.1378,102.772,1960,MY-01,MY.JH,MY.JH.MR
Johor,Muar,Pagoh,2.17,102.767,2677,MY-01,MY.JH,MY.JH.MR
Johor,Pontian,Pontian,1.4666,103.4566,3026,MY-01,MY.JH,MY.JH.PO
Johor,Pontian,Pontian,1.489,103.4822,5060,MY-01,MY.JH,MY.JH.PO
Johor,Pontian,Pontian,1.4873,103.5587,2435,MY-01,MY.JH,MY.JH.PO
Johor,Pontian,Pontian,1.5237,103.4241,2855,MY-01,MY.JH,MY.JH.PO
Johor,Segamat,Segamat,2.3814,102.9532,7387,MY-01,MY.JH,MY.JH.SE
Johor,Segamat,Segamat,2.6305,102.7172,4658,MY-01,MY.JH,MY.JH.SE
Johor,Segamat,Segamat,2.5314,102.7103,3212,MY-01,MY.JH,MY.JH.SE
Johor,Segamat,Segamat,2.6021,102.8366,6594,MY-01,MY.JH,MY.JH.SE
WP,Kuala Lumpur,Kuala Lumpur,3.1464,101.6996,6348,MY-14,MY.KL,MY.KL.KL
WP,Kuala Lumpur,Kuala Lumpur,3.156,101.7176,4336,MY-14,MY.KL,MY.KL.KL
WP,Kuala Lumpur,Kuala Lumpur,3.183,101.6755,8339,MY-14,MY.KL,MY.KL.KL
WP,Kuala Lumpur,Kuala Lumpur,3.117,101.6682,3009,MY-14,MY.KL,MY.KL.KL
WP,Putrajaya,Putrajaya,2.9229,101.7022,8979,MY-16,MY.PJ,MY.PJ.PJ
WP,Putrajaya,Putrajaya,2.9335,101.6729,4249,MY-16,MY.PJ,MY.PJ.PJ
WP,Putrajaya,Putrajaya,2.9673,101.6965,6228,MY-16,MY.PJ,MY.PJ.PJ
WP,Putrajaya,Putrajaya,2.9083,101.6787,7330,MY-16,MY.PJ,MY.PJ.PJ
WP,Labuan,Labuan,5.2829,115.2465,1000,MY-15,MY.LA,MY.LA.LA
WP,Labuan,Labuan,5.2891,115.1969,5301,MY-15,MY.LA,MY.LA.LA
WP,Labuan,Labuan,5.3318,115.2339,3857,MY-15,MY.LA,MY.LA.LA
WP,Labuan,Labuan,5.2937,115.2441,6028,MY-15,MY.LA,MY.LA.LA
Sabah,Beaufort,Beaufort,5.2785,115.7155,8310,MY-12,MY.SA,MY.SA.BF
Sabah,Beaufort,Beaufort,5.3988,115.8851,8596,MY-12,MY.SA,MY.SA.BF
Sabah,Beaufort,Beaufort,5.1752,115.6558,1977,MY-12,MY.SA,MY.SA.BF
Sabah,Beaufort,Beaufort,5.2901,115.7389,2496,MY-12,MY.SA,MY.SA.BF
Sabah,Beluran,Beluran,5.724,117.0953,1544,MY-12,MY.SA,MY.SA.BL
Sabah,Beluran,Beluran,5.7008,117.2422,6995,MY-12,MY.SA,MY.SA.BL
Sabah,Beluran,Beluran,5.8887,117.4215,5009,MY-12,MY.SA,MY.SA.BL
Sabah,Beluran,Beluran,5.7951,117.5306,7540,MY-12,MY.SA,MY.SA.BL
Sabah,Keningau,Keningau,5.375,116.1947,5647,MY-12,MY.SA,MY.SA.KE
Sabah,Keningau,Keningau,5.1316,116.1109,1017,MY-12,MY.SA,MY.SA.KE
Sabah,Keningau,Keningau,5.2027,116.3828,1816,MY-12,MY.SA,MY.SA.KE
Sabah,Keningau,Keningau,5.0837,116.2592,4984,MY-12,MY.SA,MY.SA.KE
Sabah,Kinabatangan,Kinabatangan,5.3412,116.9476,5127,MY-12,MY.SA,MY.SA.KI
Sabah,Kinabatangan,Kinabatangan,5.5654,117.354,2444,MY-12,MY.SA,MY.SA.KI
Sabah,Kinabatangan,Kinabatangan,5.4451,117.8265,6208,MY-12,MY.SA,MY.SA.KI
Sabah,Kinabatangan,Kinabatangan,5.4069,118.4307,2518,MY-12,MY.SA,MY.SA.KI
Sabah,Kota Belut,Kota Belut,6.3491,116.4742,4650,MY-12,MY.SA,MY.SA.KB
Sabah,Kota Belut,Kota Belut,6.4494,116.4619,5280,MY-12,MY.SA,MY.SA.KB
Sabah,Kota Belut,Kota Belut,6.3511,116.556,7835,MY-12,MY.SA,MY.SA.KB
Sabah,Kota Belut,Kota Belut,6.3825,116.4475,4356,MY-12,MY.SA,MY.SA.KB
Sabah,Kota Kinabalu,Kota Kinabalu,5.9587,116.0825,1743,MY-12,MY.SA,MY.SA.KK
Sabah,Kota Kinabalu,Kota Kinabalu,6.0257,116.1522,7173,MY-12,MY.SA,MY.SA.KK
Sabah,Kota Kinabalu,Kota Kinabalu,6.0998,116.179,3600,MY-12,MY.SA,MY.SA.KK
Sabah,Kota Kinabalu,Kota Kinabalu,6.0943,116.1429,8810,MY-12,MY.SA,MY.SA.KK
Sabah,Kota Marudu,Kota Marudu,6.7827,117.1405,7871,MY-12,MY.SA,MY.SA.KM
Sabah,Kota Marudu,Kota Marudu,6.4717,116.8329,8110,MY-12,MY.SA,MY.SA.KM
Sabah,Kota Marudu,Kota Marudu,6.6491,116.7299,1684,MY-12,MY.SA,MY.SA.KM
Sabah,Kota Marudu,Kota Marudu,6.6682,117.1927,1511,MY-12,MY.SA,MY.SA.KM
Sabah,Kuala Penyu,Kuala Penyu,5.4317,115.4671,7854,MY-12,MY.SA,MY.SA.KP
Sabah,Kuala Penyu,Kuala Penyu,5.4501,115.5368,7754,MY-12,MY.SA,MY.SA.KP
Sabah,Kuala Penyu,Kuala Penyu,5.486,115.5889,3987,MY-12,MY.SA,MY.SA.KP
Sabah,Kuala Penyu,Kuala Penyu,5.5414,115.5594,3237,MY-12,MY.SA,MY.SA.KP
Sabah,Kuala Penyu,Kuala Penyu,5.5575,115.5686,2814,MY-12,MY.SA,MY.SA.KP
Sabah,Kuala Penyu,Kuala Penyu,5.5689,115.5961,6803,MY-12,MY.SA,MY.SA.KP
Sabah,Kudat,Kudat,6.7424,116.7502,6848,MY-12,MY.SA,MY.SA.KD
Sabah,Kudat,Kudat,6.9244,116.7097,6348,MY-12,MY.SA,MY.SA.KD
Sabah,Kudat,Kudat,6.7969,116.6665,8882,MY-12,MY.SA,MY.SA.KD
Sabah,Kudat,Kudat,6.8433,116.8251,4382,MY-12,MY.SA,MY.SA.KD
Sabah,Kudat,Kudat,6.8835,116.8499,6082,MY-12,MY.SA,MY.SA.KD
Sabah,Kudat,Kudat,6.9067,116.8405,5060,MY-12,MY.SA,MY.SA.KD
Sabah,Kunak,Kunak,4.7209,118.0433,3950,MY-12,MY.SA,MY.SA.KN
Sabah,Kunak,Kunak,4.7517,117.9011,5343,MY-12,MY.SA,MY.SA.KN
Sabah,Kunak,Kunak,4.7989,118.0694,1367,MY-12,MY.SA,MY.SA.KN
Sabah,Kunak,Kunak,4.647,118.1724,7150,MY-12,MY.SA,MY.SA.KN
Sabah,Kunak,Kunak,4.6842,118.2448,8514,MY-12,MY.SA,MY.SA.KN
Sabah,Kunak,Kunak,4.6795,118.234,1593,MY-12,MY.SA,MY.SA.KN
Sabah,Lahad Datu,Lahad Datu,5.0568,118.5361,8085,MY-12,MY.SA,MY.SA.LD
Sabah,Lahad Datu,Lahad Datu,5.1867,119.0566,4981,MY-12,MY.SA,MY.SA.LD
Sabah,Lahad Datu,Lahad Datu,5.1293,117.7492,5550,MY-12,MY.SA,MY.SA.LD
Sabah,Lahad Datu,Lahad Datu,5.0896,118.2107,3597,MY-12,MY.SA,MY.SA.LD
Sabah,Lahad Datu,Lahad Datu,5.0256,118.3282,5018,MY-12,MY.SA,MY.SA.LD
Sabah,Lahad Datu,Lahad Datu,5.0274,118.3169,7035,MY-12,MY.SA,MY.SA.LD
Sabah,Nabawan,Nabawan,5.0399,116.4458,4386,MY-12,MY.SA,MY.SA.NA
Sabah,Nabawan,Nabawan,5.0539,116.508,6568,MY-12,MY.SA,MY.SA.NA
Sabah,Nabawan,Nabawan,5.0542,116.3494,1819,MY-12,MY.SA,MY.SA.NA
Sabah,Nabawan,Nabawan,4.9674,116.452,6121,MY-12,MY.SA,MY.SA.NA
Sabah,Nabawan,Nabawan,5.045,116.4349,1194,MY-12,MY.SA,MY.SA.NA
Sabah,Nabawan,Nabawan,5.0409,116.4267,8788,MY-12,MY.SA,MY.SA.NA
Sabah,Papar,Papar,5.6987,115.977,8209,MY-12,MY.SA,MY.SA.PA
Sabah,Papar,Papar,5.5986,115.9327,3372,MY-12,MY.SA,MY.SA.PA
Sabah,Papar,Papar,5.7267,116.0903,5276,MY-12,MY.SA,MY.SA.PA
Sabah,Papar,Papar,5.8111,116.0289,5193,MY-12,MY.SA,MY.SA.PA
Sabah,Papar,Papar,5.7346,115.9307,8546,MY-12,MY.SA,MY.SA.PA
Sabah,Papar,Papar,5.7308,115.9353,6138,MY-12,MY.SA,MY.SA.PA
Sabah,Penampang,Penampang,5.9167,116.0701,5397,MY-12,MY.SA,MY.SA.PP
Sabah,Penampang,Penampang,5.8764,116.101,8165,MY-12,MY.SA,MY.SA.PP
Sabah,Penampang,Penampang,5.9324,116.1313,7120,MY-12,MY.SA,MY.SA.PP
Sabah,Penampang,Penampang,5.9137,116.1085,7973,MY-12,MY.SA,MY.SA.PP
Sabah,Penampang,Penampang,5.9146,116.099,4748,MY-12,MY.SA,MY.SA.PP
Sabah,Pitas,Pitas,6.733,117.053,7067,MY-12,MY.SA,MY.SA.PI
Sabah,Pitas,Pitas,6.7144,117.049,1150,MY-12,MY.SA,MY.SA.PI
Sabah,Pitas,Pitas,6.708,117.0681,4694,MY-12,MY.SA,MY.SA.PI
Sabah,Pitas,Pitas,6.7028,117.0441,7167,MY-12,MY.SA,MY.SA.PI
Sabah,Pitas,Pitas,6.7036,117.0309,4071,MY-12,MY.SA,MY.SA.PI
Sabah,Pitas,Pitas,6.7116,117.033,5806,MY-12,MY.SA,MY.SA.PI
Sabah,Putatan,Putatan,5.885,116.05,8938,MY-12,MY.SA,MY.SA.PU
Sabah,Putatan,Putatan,5.8916,116.0454,2389,MY-12,MY.SA,MY.SA.PU
Sabah,Putatan,Putatan,5.8979,116.0457,7905,MY-12,MY.SA,MY.SA.PU
Sabah,Putatan,Putatan,5.8932,116.0427,8222,MY-12,MY.SA,MY.SA.PU
Sabah,Putatan,Putatan,5.897,116.0416,8943,MY-12,MY.SA,MY.SA.PU
Sabah,Putatan,Putatan,5.8962,116.0403,8812,MY-12,MY.SA,MY.SA.PU
Sabah,Ranau,Ranau,6.0171,116.7419,7091,MY-12,MY.SA,MY.SA.RA
Sabah,Ranau,Ranau,5.9755,116.8257,1874,MY-12,MY.SA,MY.SA.RA
Sabah,Ranau,Ranau,5.7446,116.8161,1610,MY-12,MY.SA,MY.SA.RA
Sabah,Ranau,Ranau,5.9366,116.6774,8345,MY-12,MY.SA,MY.SA.RA
Sabah,Ranau,Ranau,5.9531,116.6616,4055,MY-12,MY.SA,MY.SA.RA
Sabah,Ranau,Ranau,5.9537,116.6688,2734,MY-12,MY.SA,MY.SA.RA
Sarawak,Asajaya,Asajaya,1.4772,110.6861,4568,MY-13,MY.SK,MY.SK.AS
Sarawak,Asajaya,Asajaya,1.5441,110.6569,4965,MY-13,MY.SK,MY.SK.AS
Sarawak,Asajaya,Asajaya,1.5146,110.5364,3709,MY-13,MY.SK,MY.SK.AS
Sarawak,Asajaya,Asajaya,1.5005,110.6666,5381,MY-13,MY.SK,MY.SK.AS
Sarawak,Asajaya,Asajaya,1.5407,110.5142,3151,MY-13,MY.SK,MY.SK.AS
Sarawak,Asajaya,Asajaya,1.5459,110.5236,5432,MY-13,MY.SK,MY.SK.AS
Sarawak,Bau,Bau,1.3558,110.1983,3883,MY-13,MY.SK,MY.SK.BA
Sarawak,Bau,Bau,1.4217,110.0304,2183,MY-13,MY.SK,MY.SK.BA
Sarawak,Bau,Bau,1.3376,109.981,1409,MY-13,MY.SK,MY.SK.BA
Sarawak,Bau,Bau,1.4258,110.1091,2368,MY-13,MY.SK,MY.SK.BA
Sarawak,Bau,Bau,1.4162,110.1559,5881,MY-13,MY.SK,MY.SK.BA
Sarawak,Bau,Bau,1.4235,110.1551,6439,MY-13,MY.SK,MY.SK.BA
Sarawak,Belaga,Belaga,3.2904,114.0719,4261,MY-13,MY.SK,MY.SK.BL
Sarawak,Belaga,Belaga,3.1094,113.9249,7732,MY-13,MY.SK,MY.SK.BL
Sarawak,Belaga,Belaga,2.8159,114.4426,1701,MY-13,MY.SK,MY.SK.BL
Sarawak,Belaga,Belaga,2.9284,113.7999,2699,MY-13,MY.SK,MY.SK.BL
Sarawak,Belaga,Belaga,3.0456,113.9158,1352,MY-13,MY.SK,MY.SK.BL
Sarawak,Belaga,Belaga,3.0529,113.9207,3767,MY-13,MY.SK,MY.SK.BL
Sarawak,Betong,Betong,1.4644,111.6233,7408,MY-13,MY.SK,MY.SK.BT
Sarawak,Betong,Betong,1.4105,111.6044,6138,MY-13,MY.SK,MY.SK.BT
Sarawak,Betong,Betong,1.314,111.5763,4660,MY-13,MY.SK,MY.SK.BT
Sarawak,Betong,Betong,1.4156,111.5138,5515,MY-13,MY.SK,MY.SK.BT
Sarawak,Betong,Betong,1.402,111.5288,8815,MY-13,MY.SK,MY.SK.BT
Sarawak,Betong,Betong,1.4106,111.5264,4900,MY-13,MY.SK,MY.SK.BT
Sarawak,Bintulu,Bintulu,2.7224,113.3289,2456,MY-13,MY.SK,MY.SK.BI
Sarawak,Bintulu,Bintulu,3.5972,113.3894,2393,MY-13,MY.SK,MY.SK.BI
Sarawak,Bintulu,Bintulu,3.3642,113.9771,5289,MY-13,MY.SK,MY.SK.BI
Sarawak,Bintulu,Bintulu,3.3957,113.5748,3845,MY-13,MY.SK,MY.SK.BI
Sarawak,Bintulu,Bintulu,3.1727,113.0416,6952,MY-13,MY.SK,MY.SK.BI
Sarawak,Bintulu,Bintulu,3.176,113.0413,5010,MY-13,MY.SK,MY.SK.BI
Sarawak,Dalat,Dalat,2.3534,112.1557,1536,MY-13,MY.SK,MY.SK.DL
Sarawak,Dalat,Dalat,2.6381,112.1351,1282,MY-13,MY.SK,MY.SK.DL
Sarawak,Dalat,Dalat,2.8637,111.8398,4073,MY-13,MY.SK,MY.SK.DL
Sarawak,Dalat,Dalat,2.4583,112.1948,5459,MY-13,MY.SK,MY.SK.DL
Sarawak,Dalat,Dalat,2.744,111.9444,2227,MY-13,MY.SK,MY.SK.DL
Sarawak,Dalat,Dalat,2.7405,111.939,3608,MY-13,MY.SK,MY.SK.DL
Sarawak,Daro,Daro,2.6715,111.4317,6576,MY-13,MY.SK,MY.SK.DR
Sarawak,Daro,Daro,2.4883,111.5189,3764,MY-13,MY.SK,MY.SK.DR
Sarawak,Daro,Daro,2.6831,111.2937,5064,MY-13,MY.SK,MY.SK.DR
Sarawak,Daro,Daro,2.5113,111.3493,2598,MY-13,MY.SK,MY.SK.DR
Sarawak,Daro,Daro,2.5059,111.4502,5903,MY-13,MY.SK,MY.SK.DR
Sarawak,Daro,Daro,2.5122,111.4323,6577,MY-13,MY.SK,MY.SK.DR
Sarawak,Julau,Julau,1.9804,111.748,8228,MY-13,MY.SK,MY.SK.JL
Sarawak,Julau,Julau,1.7992,111.9197,1870,MY-13,MY.SK,MY.SK.JL
Sarawak,Julau,Julau,1.802,111.8194,2724,MY-13,MY.SK,MY.SK.JL
Sarawak,Julau,Julau,2.0545,111.9595,6835,MY-13,MY.SK,MY.SK.JL
Sarawak,Julau,Julau,2.025,111.9175,6352,MY-13,MY.SK,MY.SK.JL
Sarawak,Julau,Julau,2.0287,111.912,1766,MY-13,MY.SK,MY.SK.JL
Sarawak,Kanowit,Kanowit,1.8867,112.1411,8028,MY-13,MY.SK,MY.SK.KN
Sarawak,Kanowit,Kanowit,2.0335,111.9956,8247,MY-13,MY.SK,MY.SK.KN
Sarawak,Kanowit,Kanowit,2.1653,112.2826,3491,MY-13,MY.SK,MY.SK.KN
Sarawak,Kanowit,Kanowit,2.087,112.3389,4392,MY-13,MY.SK,MY.SK.KN
Sarawak,Kanowit,Kanowit,2.1015,112.1573,5733,MY-13,MY.SK,MY.SK.KN
Sarawak,Kanowit,Kanowit,2.1014,112.1474,7821,MY-13,MY.SK,MY.SK.KN
Sarawak,Kapit,Kapit,1.9737,112.8569,4136,MY-13,MY.SK,MY.SK.KP
Sarawak,Kapit,Kapit,1.9363,113.0941,2660,MY-13,MY.SK,MY.SK.KP
Sarawak,Kapit,Kapit,1.9109,113.576,6051,MY-13,MY.SK,MY.SK.KP
Sarawak,Kapit,Kapit,1.6178,113.0678,3636,MY-13,MY.SK,MY.SK.KP
Sarawak,Kapit,Kapit,2.0167,112.9414,3276,MY-13,MY.SK,MY.SK.KP
Sarawak,Kapit,Kapit,2.0153,112.9403,3072,MY-13,MY.SK,MY.SK.KP
Sarawak,Kuching,Kuching,1.5554,110.327,5630,MY-13,MY.SK,MY.SK.KU
Sarawak,Kuching,Kuching,1.4576,110.3009,7744,MY-13,MY.SK,MY.SK.KU
Sarawak,Kuching,Kuching,1.6337,110.4523,2455,MY-13,MY.SK,MY.SK.KU
Sarawak,Kuching,Kuching,1.7208,110.3425,5966,MY-13,MY.SK,MY.SK.KU
Sarawak,Kuching,Kuching,1.5853,110.372,4728,MY-13,MY.SK,MY.SK.KU
Sarawak,Kuching,Kuching,1.5864,110.3535,7900,MY-13,MY.SK,MY.SK.KU
Sarawak,Lawas,Lawas,4.491,115.4821,6322,MY-13,MY.SK,MY.SK.LW
Sarawak,Lawas,Lawas,4.699,115.3365,1505,MY-13,MY.SK,MY.SK.LW
Sarawak,Lawas,Lawas,4.7859,115.5329,2485,MY-13,MY.SK,MY.SK.LW
Sarawak,Lawas,Lawas,4.9228,115.4683,6965,MY-13,MY.SK,MY.SK.LW
Sarawak,Lawas,Lawas,4.8612,115.4101,4233,MY-13,MY.SK,MY.SK.LW
Sarawak,Lawas,Lawas,4.8535,115.4009,4255,MY-13,MY.SK,MY.SK.LW
Sarawak,Limbang,Limbang,4.7549,114.8559,3092,MY-13,MY.SK,MY.SK.LI
Sarawak,Limbang,Limbang,4.627,114.825,5984,MY-13,MY.SK,MY.SK.LI
Sarawak,Limbang,Limbang,4.4538,115.0571,4816,MY-13,MY.SK,MY.SK.LI
Sarawak,Limbang,Limbang,4.0734,115.3149,6834,MY-13,MY.SK,MY.SK.LI
Sarawak,Limbang,Limbang,4.7579,115.0078,8802,MY-13,MY.SK,MY.SK.LI
Sarawak,Limbang,Limbang,4.755,115.0096,2682,MY-13,MY.SK,MY.SK.LI
Sarawak,Lubok Antu,Lubok Antu,1.0887,111.8828,7547,MY-13,MY.SK,MY.SK.LA
Sarawak,Lubok Antu,Lubok Antu,1.2397,111.8251,7805,MY-13,MY.SK,MY.SK.LA
Sarawak,Lubok Antu,Lubok Antu,1.0104,111.8339,2594,MY-13,MY.SK,MY.SK.LA
Sarawak,Lubok Antu,Lubok Antu,1.2315,111.9499,7491,MY-13,MY.SK,MY.SK.LA
Sarawak,Lubok Antu,Lubok Antu,1.1363,111.6688,6654,MY-13,MY.SK,MY.SK.LA
Sarawak,Lubok Antu,Lubok Antu,1.1487,111.6611,8376,MY-13,MY.SK,MY.SK.LA
Sarawak,Lundu,Lundu,1.7497,109.7889,1416,MY-13,MY.SK,MY.SK.LU
Sarawak,Lundu,Lundu,1.6379,109.9571,4580,MY-13,MY.SK,MY.SK.LU
Sarawak,Lundu,Lundu,1.5425,109.8411,1377,MY-13,MY.SK,MY.SK.LU
Sarawak,Lundu,Lundu,1.6214,110.1047,5022,MY-13,MY.SK,MY.SK.LU
Sarawak,Lundu,Lundu,1.6713,109.854,4572,MY-13,MY.SK,MY.SK.LU
Sarawak,Lundu,Lundu,1.6832,109.8514,1364,MY-13,MY.SK,MY.SK.LU
Sarawak,Maradong,Maradong,2.2077,111.6266,6168,MY-13,MY.SK,MY.SK.ME
Sarawak,Maradong,Maradong,2.2324,111.5223,7592,MY-13,MY.SK,MY.SK.ME
Sarawak,Maradong,Maradong,2.1267,111.7701,8938,MY-13,MY.SK,MY.SK.ME
Sarawak,Maradong,Maradong,2.067,111.7022,8993,MY-13,MY.SK,MY.SK.ME
Sarawak,Maradong,Maradong,2.1703,111.6362,1409,MY-13,MY.SK,MY.SK.ME
Sarawak,Maradong,Maradong,2.1686,111.6345,7798,MY-13,MY.SK,MY.SK.ME
Sarawak,Marudi,Marudi,4.2913,114.2963,7728,MY-13,MY.SK,MY.SK.MR
Sarawak,Marudi,Marudi,4.2458,114.4409,1693,MY-13,MY.SK,MY.SK.MR
Sarawak,Marudi,Marudi,4.0983,114.4578,5702,MY-13,MY.SK,MY.SK.MR
Sarawak,Marudi,Marudi,4.3356,114.2659,1494,MY-13,MY.SK,MY.SK.MR
Sarawak,Marudi,Marudi,4.1788,114.3197,6087,MY-13,MY.SK,MY.SK.MR
Sarawak,Marudi,Marudi,4.1783,114.3265,7541,MY-13,MY.SK,MY.SK.MR
Sarawak,Matu,Matu,2.7948,111.6835,5846,MY-13,MY.SK,MY.SK.MT
Sarawak,Matu,Matu,2.672,111.5627,4744,MY-13,MY.SK,MY.SK.MT
Sarawak,Matu,Matu,2.6377,111.5187,2374,MY-13,MY.SK,MY.SK.MT
Sarawak,Matu,Matu,2.7382,111.6362,5413,MY-13,MY.SK,MY.SK.MT
Sarawak,Matu,Matu,2.7158,111.5659,5794,MY-13,MY.SK,MY.SK.MT
Sarawak,Matu,Matu,2.6697,111.5398,3958,MY-13,MY.SK,MY.SK.MT
Sarawak,Miri,Miri,3.6056,113.8107,2979,MY-13,MY.SK,MY.SK.MI
Sarawak,Miri,Miri,3.7495,113.7874,2068,MY-13,MY.SK,MY.SK.MI
Sarawak,Miri,Miri,4.5411,114.1185,4309,MY-13,MY.SK,MY.SK.MI
Sarawak,Miri,Miri,4.3088,114.0175,2974,MY-13,MY.SK,MY.SK.MI
Sarawak,Miri,Miri,4.3967,113.9931,8052,MY-13,MY.SK,MY.SK.MI
Sarawak,Miri,Miri,4.4011,113.992,8665,MY-13,MY.SK,MY.SK.MI
Sarawak,Mukah,Mukah,2.9047,112.2649,4779,MY-13,MY.SK,MY.SK.MU
Sarawak,Mukah,Mukah,2.8395,112.049,8774,MY-13,MY.SK,MY.SK.MU
Sarawak,Mukah,Mukah,2.7778,112.3116,1059,MY-13,MY.SK,MY.SK.MU
Sarawak,Mukah,Mukah,2.6077,112.2148,4667,MY-13,MY.SK,MY.SK.MU
Sarawak,Mukah,Mukah,2.8973,112.0893,8774,MY-13,MY.SK,MY.SK.MU
Sarawak,Mukah,Mukah,2.8949,112.0915,6361,MY-13,MY.SK,MY.SK.MU
Sarawak,Pakan,Pakan,1.7615,111.6857,1177,MY-13,MY.SK,MY.SK.PA
Sarawak,Pakan,Pakan,1.8603,111.7081,5870,MY-13,MY.SK,MY.SK.PA
Sarawak,Pakan,Pakan,1.9042,111.5955,5787,MY-13,MY.SK,MY.SK.PA
Sarawak,Pakan,Pakan,1.9708,111.6848,3929,MY-13,MY.SK,MY.SK.PA
Sarawak,Pakan,Pakan,1.8952,111.6804,4991,MY-13,MY.SK,MY.SK.PA
Sarawak,Pakan,Pakan,1.8941,111.6798,6528,MY-13,MY.SK,MY.SK.PA
Sarawak,Samarahan,Samarahan,1.4381,110.4571,4978,MY-13,MY.SK,MY.SK.SM
Sarawak,Samarahan,Samarahan,1.4893,110.4073,3930,MY-13,MY.SK,MY.SK.SM
Sarawak,Samarahan,Samarahan,1.4605,110.6323,2862,MY-13,MY.SK,MY.SK.SM
Sarawak,Samarahan,Samarahan,1.3823,110.4359,1508,MY-13,MY.SK,MY.SK.SM
Sarawak,Samarahan,Samarahan,1.4598,110.4955,7063,MY-13,MY.SK,MY.SK.SM
Sarawak,Samarahan,Samarahan,1.4592,110.477,6563,MY-13,MY.SK,MY.SK.SM
Sarawak,Saratok,Saratok,1.7486,111.3362,2698,MY-13,MY.SK,MY.SK.ST
Sarawak,Saratok,Saratok,1.7513,111.3026,1911,MY-13,MY.SK,MY.SK.ST
Sarawak,Saratok,Saratok,1.7159,111.3008,7149,MY-13,MY.SK,MY.SK.ST
Sarawak,Saratok,Saratok,1.7913,111.3121,1725,MY-13,MY.SK,MY.SK.ST
Sarawak,Saratok,Saratok,1.7384,111.3377,7127,MY-13,MY.SK,MY.SK.ST
Sarawak,Saratok,Saratok,1.753,111.3414,8575,MY-13,MY.SK,MY.SK.ST
Sarawak,Sarikei,Sarikei,2.1179,111.5693,7127,MY-13,MY.SK,MY.SK.SK
Sarawak,Sarikei,Sarikei,2.0315,111.5108,5420,MY-13,MY.SK,MY.SK.SK
Sarawak,Sarikei,Sarikei,2.0919,111.3727,5749,MY-13,MY.SK,MY.SK.SK
Sarawak,Sarikei,Sarikei,2.1192,111.528,1052,MY-13,MY.SK,MY.SK.SK
Sarawak,Sarikei,Sarikei,2.1312,111.5221,2834,MY-13,MY.SK,MY.SK.SK
Sarawak,Sarikei,Sarikei,2.1304,111.5247,3215,MY-13,MY.SK,MY.SK.SK
Sarawak,Selangau,Selangau,2.5243,112.325,8327,MY-13,MY.SK,MY.SK.SG
Sarawak,Selangau,Selangau,2.5225,112.3261,6576,MY-13,MY.SK,MY.SK.SG
Sarawak,Selangau,Selangau,2.5231,112.327,8911,MY-13,MY.SK,MY.SK.SG
Sarawak,Selangau,Selangau,2.5251,112.3256,2717,MY-13,MY.SK,MY.SK.SG
Sarawak,Selangau,Selangau,2.5232,112.3258,6375,MY-13,MY.SK,MY.SK.SG
Sarawak,Selangau,Selangau,2.5246,112.3262,7177,MY-13,MY.SK,MY.SK.SG
Sarawak,Serian,Serian,1.2155,110.5741,6399,MY-13,MY.SK,MY.SK.SE
Sarawak,Serian,Serian,1.164,110.6538,2342,MY-13,MY.SK,MY.SK.SE
Sarawak,Serian,Serian,1.2628,110.5391,8943,MY-13,MY.SK,MY.SK.SE
Sarawak,Serian,Serian,1.0507,110.5796,8258,MY-13,MY.SK,MY.SK.SE
Sarawak,Serian,Serian,1.1672,110.5664,7688,MY-13,MY.SK,MY.SK.SE
Sarawak,Serian,Serian,1.1731,110.5672,1603,MY-13,MY.SK,MY.SK.SE
Sarawak,Sibu,Sibu,2.3027,111.8864,1105,MY-13,MY.SK,MY.SK.SI
Sarawak,Sibu,Sibu,2.3315,111.6969,1879,MY-13,MY.SK,MY.SK.SI
Sarawak,Sibu,Sibu,2.4632,111.8946,7662,MY-13,MY.SK,MY.SK.SI
Sarawak,Sibu,Sibu,2.1284,111.9029,8292,MY-13,MY.SK,MY.SK.SI
Sarawak,Sibu,Sibu,2.2931,111.842,3963,MY-13,MY.SK,MY.SK.SI
Sarawak,Sibu,Sibu,2.2956,111.824,8091,MY-13,MY.SK,MY.SK.SI
Sarawak,Simunjan,Simunjan,1.0871,110.8881,5303,MY-13,MY.SK,MY.SK.SJ
Sarawak,Simunjan,Simunjan,1.0823,110.9633,2416,MY-13,MY.SK,MY.SK.SJ
Sarawak,Simunjan,Simunjan,1.1973,110.9248,3304,MY-13,MY.SK,MY.SK.SJ
Sarawak,Simunjan,Simunjan,1.2381,110.7714,2985,MY-13,MY.SK,MY.SK.SJ
Sarawak,Simunjan,Simunjan,1.186,110.9033,4391,MY-13,MY.SK,MY.SK.SJ
Sarawak,Simunjan,Simunjan,1.1246,110.9326,3752,MY-13,MY.SK,MY.SK.SJ
Sarawak,Song,Song,1.7051,112.7747,7473,MY-13,MY.SK,MY.SK.SO
Sarawak,Song,Song,1.8396,112.7143,1729,MY-13,MY.SK,MY.SK.SO
Sarawak,Song,Song,2.0002,112.5413,7972,MY-13,MY.SK,MY.SK.SO
Sarawak,Song,Song,1.6475,112.6978,7376,MY-13,MY.SK,MY.SK.SO
Sarawak,Song,Song,2.0005,112.549,2228,MY-13,MY.SK,MY.SK.SO
Sarawak,Song,Song,2.0075,112.5482,2395,MY-13,MY.SK,MY.SK.SO
Sarawak,Sri Aman,Sri Aman,1.1862,111.4494,6412,MY-13,MY.SK,MY.SK.SA
Sarawak,Sri Aman,Sri Aman,1.2713,111.3821,7569,MY-13,MY.SK,MY.SK.SA
Sarawak,Sri Aman,Sri Aman,1.2967,111.4906,2004,MY-13,MY.SK,MY.SK.SA
Sarawak,Sri Aman,Sri Aman,1.2027,111.5146,7823,MY-13,MY.SK,MY.SK.SA
Sarawak,Sri Aman,Sri Aman,1.2307,111.4561,5401,MY-13,MY.SK,MY.SK.SA
Sarawak,Sri Aman,Sri Aman,1.2341,111.4634,5710,MY-13,MY.SK,MY.SK.SA
Sarawak,Tatau,Tatau,2.8711,112.8515,3547,MY-13,MY.SK,MY.SK.TA
Sarawak,Tatau,Tatau,2.8888,112.8486,5036,MY-13,MY.SK,MY.SK.TA
Sarawak,Tatau,Tatau,2.9105,112.8581,6572,MY-13,MY.SK,MY.SK.TA
Sarawak,Tatau,Tatau,3.0045,112.8478,3340,MY-13,MY.SK,MY.SK.TA
Sarawak,Tatau,Tatau,2.8804,112.8545,4828,MY-13,MY.SK,MY.SK.TA
Sarawak,Tatau,Tatau,2.8779,112.8506,7595,MY-13,MY.SK,MY.SK.TA
